Hours,AvgPassengerCount
0,33156.142857142855
1,23448.85714285714
2,17631.821428571428
3,12906.464285714286
4,9072.214285714286
5,7457.964285714285
6,15828.67857142857
7,29193.821428571428
8,37272.46428571428
9,38230.75
10,37391.25
11,38712.607142857145
12,41283.392857142855
13,41291.392857142855
14,43374.28571428572
15,42347.71428571428
16,36676.21428571428
17,43341.82142857143
18,53347.67857142857
19,54450.392857142855
20,51004.82142857143
21,49774.82142857143
22,48420.96428571428
23,42375.75
