RRHours,RRAvgPassengerCount
0,0.32142857142857145
1,0.35714285714285715
2,0.03571428571428571
4,0.17857142857142858
5,0.07142857142857142
6,0.39285714285714285
7,0.32142857142857145
8,0.39285714285714285
9,0.10714285714285714
10,0.17857142857142858
11,0.39285714285714285
12,0.2857142857142857
13,0.17857142857142858
14,0.32142857142857145
15,0.32142857142857145
16,0.75
17,0.17857142857142858
18,0.6071428571428571
19,0.5
20,0.25
21,0.4642857142857143
22,0.21428571428571427
23,0.5357142857142857
